hover_item	sample	t_seconds	gem_dy_px	book_dy_px
1	1	0.00	0	0
1	2	0.22	2	4
1	3	0.42	6	8
1	4	0.62	10	8
1	5	0.83	10	6
1	6	1.04	8	2
1	7	1.24	4	-2
1	8	1.44	1	-2
1	9	1.63	0	0
1	10	1.81	1	3
1	11	1.99	5	6
1	12	2.17	8	8
1	13	2.37	10	7
1	14	2.57	10	4
1	15	2.76	6	0
1	16	2.96	3	-2
1	17	3.15	0	-2
1	18	3.35	0	1
1	19	3.54	3	5
1	20	3.71	6	8
1	21	3.87	9	8
1	22	4.03	10	7
1	23	4.18	10	4
1	24	4.33	7	1
1	25	4.49	4	-2
1	26	4.65	1	-2
1	27	4.80	0	-1
1	28	4.96	0	1
1	29	5.11	2	4
1	30	5.26	5	7
1	31	5.42	8	8
1	32	5.57	10	8
1	33	5.72	10	5
1	34	5.87	8	2
1	35	6.03	5	-1
1	36	6.18	3	-2
1	37	6.34	0	-2
1	38	6.49	0	0
1	39	6.64	1	3
1	40	6.79	4	6
1	41	6.94	7	8
1	42	7.13	10	8
1	43	7.28	10	6
1	44	7.43	9	3
1	45	7.58	6	0
2	1	0.00	6	1
2	2	0.24	10	-2
2	3	0.46	10	-1
2	4	0.66	6	3
2	5	0.88	2	7
2	6	1.08	0	9
2	7	1.28	0	7
2	8	1.48	4	3
2	9	1.72	8	-1
2	10	1.94	10	-2
2	11	2.14	9	0
2	12	2.35	6	3
2	13	2.57	2	7
2	14	2.78	0	8
2	15	2.99	1	6
2	16	3.20	4	3
2	17	3.40	8	-1
2	18	3.62	10	-2
2	19	3.81	9	0
2	20	4.01	6	3
2	21	4.22	2	7
2	22	4.42	0	8
2	23	4.62	0	7
2	24	4.82	4	3
2	25	5.02	7	0
2	26	5.22	10	-2
2	27	5.42	10	-1
2	28	5.62	7	3
2	29	5.83	3	6
2	30	6.03	0	8
2	31	6.23	0	7
2	32	6.43	4	3
2	33	6.66	7	0
2	34	6.84	10	-2
2	35	7.04	10	-1
2	36	7.24	7	3
2	37	7.45	4	5
2	38	7.65	0	8
2	39	7.85	0	8
2	40	8.05	3	4
2	41	8.25	6	1
2	42	8.46	10	-2
2	43	8.66	10	-2
2	44	8.87	8	2
2	45	9.08	3	6
3	1	0.00	7	3
3	2	0.26	2	7
3	3	0.50	0	8
3	4	0.75	2	5
3	5	0.99	6	1
3	6	1.23	10	-2
3	7	1.48	10	-1
3	8	1.73	5	3
3	9	1.97	1	8
3	10	2.20	0	8
3	11	2.42	2	5
3	12	2.65	6	0
3	13	2.89	10	-2
3	14	3.12	9	-1
3	15	3.34	6	3
3	16	3.57	2	7
3	17	3.79	0	8
3	18	3.99	1	6
3	19	4.21	5	2
3	20	4.42	9	-2
3	21	4.64	10	-2
3	22	4.86	8	1
3	23	5.09	5	4
3	24	5.32	1	8
3	25	5.54	0	8
3	26	5.73	2	4
3	27	5.96	6	1
3	28	6.17	10	-2
3	29	6.38	10	-2
3	30	6.60	7	2
3	31	6.80	4	5
3	32	7.01	0	8
3	33	7.21	0	8
3	34	7.42	3	4
3	35	7.63	7	0
3	36	7.88	10	-3
3	37	8.11	9	-1
3	38	8.34	6	3
3	39	8.57	2	7
3	40	8.77	0	8
3	41	8.98	1	6
3	42	9.18	4	3
3	43	9.38	8	-1
3	44	9.61	10	-2
3	45	9.81	9	0
